City_ID,City,Lat,Lng,Max Temp,Humidity,Cloudiness,Wind Speed,Country,Date
0,albany,42.6001,-73.9662,292.54,94,100,0.34,US,2023-07-10 03:00:00
1,kourou,5.1552,-52.6478,298.52,89,5,3.61,GF,2023-07-10 03:00:00
2,klyuchi,52.2667,79.1667,296.22,45,39,3.36,RU,2023-07-10 03:00:00
3,taksimo,56.3444,114.8794,300.34,43,87,1.87,RU,2023-07-10 03:00:00
4,port-aux-francais,-49.35,70.2167,275.58,61,100,9.66,TF,2023-07-10 03:00:00
5,keflavik,64.0049,-22.5624,283.85,93,0,4.36,IS,2023-07-10 03:00:00
6,narok,-1.0783,35.8601,283.64,87,55,1.24,KE,2023-07-10 03:00:00
7,wailua homesteads,22.0669,-159.378,299.23,71,40,5.5,US,2023-07-10 03:00:00
8,alofi,-19.0595,-169.9187,299.09,89,41,5.88,NU,2023-07-10 03:00:00
9,waitangi,-43.9535,-176.5597,284.47,91,100,15.36,NZ,2023-07-10 03:00:00
10,bandarbeyla,9.4942,50.8122,299.58,65,100,12.26,SO,2023-07-10 03:00:00
11,avarua,-21.2078,-159.775,300.18,83,0,3.09,CK,2023-07-10 03:00:00
12,sitia,35.2,26.0986,299.25,71,0,13.26,GR,2023-07-10 03:00:00
13,edinburgh of the seven seas,-37.0676,-12.3116,288.56,83,100,11.35,SH,2023-07-10 03:00:00
14,tromso,69.6496,18.957,284.37,87,75,0.32,NO,2023-07-10 03:00:00
15,malabar,-33.9667,151.25,291.62,45,0,5.39,AU,2023-07-10 03:00:00
16,bethel,41.3712,-73.414,294.65,88,100,1.78,US,2023-07-10 03:00:00
17,georgetown,5.4112,100.3354,302.07,79,20,1.14,MY,2023-07-10 03:00:00
18,mugia,43.1041,-9.2179,289.86,81,0,2.59,ES,2023-07-10 03:00:00
19,kodiak,57.79,-152.4072,282.88,93,100,5.47,US,2023-07-10 03:00:00
20,papatowai,-46.5619,169.4708,284.09,74,97,0.91,NZ,2023-07-10 03:00:00
21,hammerfest,70.6634,23.6821,283.42,81,63,0.25,NO,2023-07-10 03:00:00
22,tiksi,71.6872,128.8694,279.43,61,100,4.67,RU,2023-07-10 03:00:00
23,zainsk,55.3195,52.0694,299.7,53,100,4.58,RU,2023-07-10 03:00:00
24,grytviken,-54.2811,-36.5092,266.68,81,49,4.15,GS,2023-07-10 03:00:00
25,ust-nera,64.5667,143.2,286.96,34,7,1.68,RU,2023-07-10 03:00:00
26,punta arenas,-53.15,-70.9167,274.25,93,0,3.94,CL,2023-07-10 03:00:00
27,blackmans bay,-43.0167,147.3167,287.04,65,98,3.55,AU,2023-07-10 03:00:00
28,adamstown,-25.066,-130.1015,294.5,70,100,6.42,PN,2023-07-10 03:00:00
29,zouerate,22.7187,-12.4521,302.81,27,3,6.77,MR,2023-07-10 03:00:00
30,iqaluit,63.7506,-68.5145,278.54,93,75,2.72,CA,2023-07-10 03:00:00
31,banda aceh,5.5577,95.3222,298.18,89,100,4.64,ID,2023-07-10 03:00:00
32,port elizabeth,-33.918,25.5701,285.02,91,20,4.22,ZA,2023-07-10 03:00:00
33,lihue,21.9789,-159.3672,300.2,64,40,6.04,US,2023-07-10 03:00:00
34,dudinka,69.4058,86.1778,280.72,82,100,5.14,RU,2023-07-10 03:00:00
35,petropavlovsk-kamchatsky,53.0452,158.6483,289.48,82,75,2.61,RU,2023-07-10 03:00:00
36,patacamaya,-17.2333,-67.9167,279.3,66,3,2.56,BO,2023-07-10 03:00:00
37,utrik,11.2278,169.8474,301.54,79,99,7.01,MH,2023-07-10 03:00:00
38,miranda,3.2499,-76.2281,295.22,78,3,2.47,CO,2023-07-10 03:00:00
39,arroio grande,-32.2375,-53.0869,287.5,90,100,1.07,BR,2023-07-10 03:00:00
40,kone,-21.0595,164.8658,297.57,47,11,4.31,NC,2023-07-10 03:00:00
41,puerto natales,-51.7236,-72.4875,270.76,93,17,1.25,CL,2023-07-10 03:00:00
42,bilibino,68.0546,166.4372,291.04,46,100,1.57,RU,2023-07-10 03:00:00
43,shingu,33.7333,135.9833,303.53,72,60,4.03,JP,2023-07-10 03:00:00
44,saipan,15.1355,145.701,303.51,100,40,8.71,MP,2023-07-10 03:00:00
45,namtsy,62.7161,129.6658,299.05,41,71,3.08,RU,2023-07-10 03:00:00
46,tadine,-21.55,167.8833,295.0,52,8,5.24,NC,2023-07-10 03:00:00
47,bredasdorp,-34.5322,20.0403,282.47,72,100,0.83,ZA,2023-07-10 03:00:00
48,hamilton,39.1834,-84.5333,292.02,80,0,0.72,US,2023-07-10 03:00:00
49,ilovlya,49.3033,43.9796,293.76,85,92,3.21,RU,2023-07-10 03:00:00
50,forster,-32.1667,152.5167,291.64,45,0,2.38,AU,2023-07-10 03:00:00
51,puerto madero,14.7208,-92.4215,298.46,78,100,2.39,MX,2023-07-10 03:00:00
52,whitehorse,60.7161,-135.0538,301.77,14,20,3.96,CA,2023-07-10 03:00:00
53,copala,16.65,-98.9833,299.89,85,100,0.47,MX,2023-07-10 03:00:00
54,grajau,-5.8194,-46.1386,297.06,72,13,1.59,BR,2023-07-10 03:00:00
55,tapiramuta,-11.8472,-40.7914,289.42,98,2,1.1,BR,2023-07-10 03:00:00
56,nemuro,43.3236,145.575,290.27,93,100,2.93,JP,2023-07-10 03:00:00
57,diamantino,-14.4086,-56.4461,295.53,53,0,2.01,BR,2023-07-10 03:00:00
58,porto novo,6.4965,2.6036,299.05,93,100,1.73,BJ,2023-07-10 03:00:00
59,walvis bay,-22.9575,14.5053,289.68,23,1,7.76,NA,2023-07-10 03:00:00
60,ribeira grande,38.5167,-28.7,294.39,96,92,3.67,PT,2023-07-10 03:00:00
61,puerto ayora,-0.7393,-90.3518,298.46,94,100,3.68,EC,2023-07-10 03:00:00
62,serenje,-13.2325,30.2352,284.53,83,0,1.99,ZM,2023-07-10 03:00:00
63,stanley,54.868,-1.6985,284.03,90,0,2.39,GB,2023-07-10 03:00:00
64,eldorado,-23.7869,-54.2836,292.38,82,100,2.75,BR,2023-07-10 03:00:00
65,anadyr,64.75,177.4833,292.43,45,20,2.76,RU,2023-07-10 03:00:00
66,quellon,-43.1167,-73.6167,278.29,93,75,2.36,CL,2023-07-10 03:00:00
67,sorong,-0.8833,131.25,300.29,80,78,0.88,ID,2023-07-10 03:00:00
68,awjilah,29.1081,21.2869,298.78,45,0,4.08,LY,2023-07-10 03:00:00
69,kingston,17.997,-76.7936,301.8,77,20,1.12,JM,2023-07-10 03:00:00
70,college,64.8569,-147.8028,296.96,43,75,0.15,US,2023-07-10 03:00:00
71,strathalbyn,-35.2667,138.9,288.93,88,42,6.63,AU,2023-07-10 03:00:00
72,hawaiian paradise park,19.5933,-154.9731,300.6,70,75,3.86,US,2023-07-10 03:00:00
73,san julian,21.0167,-102.1667,292.6,71,66,1.77,MX,2023-07-10 03:00:00
74,lebu,-37.6167,-73.65,280.51,76,18,2.78,CL,2023-07-10 03:00:00
75,kenai,60.5544,-151.2583,284.49,82,100,5.13,US,2023-07-10 03:00:00
76,talnakh,69.4865,88.3972,282.89,81,100,3.92,RU,2023-07-10 03:00:00
77,pariaman,-0.619,100.12,299.18,86,100,0.88,ID,2023-07-10 03:00:00
78,kotabumi,-4.8333,104.9,301.3,78,21,2.61,ID,2023-07-10 03:00:00
79,new norfolk,-42.7826,147.0587,286.75,71,97,4.09,AU,2023-07-10 03:00:00
80,vila velha,-20.3297,-40.2925,294.79,88,0,3.89,BR,2023-07-10 03:00:00
81,isafjordur,66.0755,-23.124,284.47,70,64,0.99,IS,2023-07-10 03:00:00
82,thompson,55.7435,-97.8558,284.24,71,75,3.89,CA,2023-07-10 03:00:00
83,vorgashor,67.5833,63.95,282.88,60,14,3.51,RU,2023-07-10 03:00:00
84,howrah,22.5892,88.3103,305.32,74,40,3.44,IN,2023-07-10 03:00:00
85,joypur hat,25.0943,89.0217,304.75,67,100,3.33,BD,2023-07-10 03:00:00
86,sale,34.0389,-6.8166,296.0,100,71,1.22,MA,2023-07-10 03:00:00
87,huarmey,-10.0681,-78.1522,294.04,82,42,4.0,PE,2023-07-10 03:00:00
88,korla,41.7597,86.1469,298.83,36,100,5.65,CN,2023-07-10 03:00:00
89,dali,25.7,100.1833,292.53,89,100,1.98,CN,2023-07-10 03:00:00
90,nadym,65.5333,72.5167,285.13,83,98,5.05,RU,2023-07-10 03:00:00
91,oranjemund,-28.55,16.4333,284.19,62,0,5.69,NA,2023-07-10 03:00:00
92,bouna,9.2667,-3.0,295.42,95,100,2.45,CI,2023-07-10 03:00:00
93,mochudi,-24.4167,26.15,277.33,37,0,5.0,BW,2023-07-10 03:00:00
94,miyako,39.6367,141.9525,298.82,74,72,1.28,JP,2023-07-10 03:00:00
95,afaahiti,-17.75,-149.2833,301.08,82,82,9.89,PF,2023-07-10 03:00:00
96,nova sintra,14.8667,-24.7167,295.06,81,23,8.96,CV,2023-07-10 03:00:00
97,kapuskasing,49.4169,-82.4331,291.15,59,75,3.21,CA,2023-07-10 03:00:00
98,shiprock,36.7855,-108.687,307.34,21,22,3.71,US,2023-07-10 03:00:00
99,margaret river,-33.95,115.0667,289.93,75,20,7.75,AU,2023-07-10 03:00:00
100,kailua-kona,19.6406,-155.9956,299.55,72,75,3.73,US,2023-07-10 03:00:00
101,enewetak,11.3474,162.3373,301.22,77,100,6.41,MH,2023-07-10 03:00:00
102,lautoka,-17.6167,177.4667,302.07,54,20,2.53,FJ,2023-07-10 03:00:00
103,codrington,-38.2667,141.9667,286.69,76,100,7.24,AU,2023-07-10 03:00:00
104,arraial do cabo,-22.9661,-42.0278,294.08,82,100,2.48,BR,2023-07-10 03:00:00
105,benghazi,32.1167,20.0667,297.73,77,0,7.2,LY,2023-07-10 03:00:00
106,crescent city,41.756,-124.2018,288.28,82,0,1.78,US,2023-07-10 03:00:00
107,sitka,57.0531,-135.33,288.09,67,20,3.39,US,2023-07-10 03:00:00
108,mikuni,36.2171,136.1519,305.1,81,100,4.23,JP,2023-07-10 03:00:00
109,cabo san lucas,22.8909,-109.9124,302.3,74,20,5.39,MX,2023-07-10 03:00:00
110,magadan,59.5667,150.8,285.67,84,100,3.83,RU,2023-07-10 03:00:00
111,safi,32.1667,-8.8333,293.7,66,0,3.97,MA,2023-07-10 03:00:00
112,tolanaro,-25.0319,46.9987,292.74,94,40,1.22,MG,2023-07-10 03:00:00
113,nagqu,31.5,92.0,286.69,61,100,2.82,CN,2023-07-10 03:00:00
114,ilulissat,69.2167,-51.1,281.16,71,100,0.68,GL,2023-07-10 03:00:00
115,invercargill,-46.4,168.35,283.74,75,27,1.59,NZ,2023-07-10 03:00:00
116,tommot,58.9564,126.2925,296.18,44,12,1.12,RU,2023-07-10 03:00:00
117,hadibu,12.65,54.0333,298.33,80,63,8.97,YE,2023-07-10 03:00:00
118,gaalkacyo,6.7697,47.4308,297.53,66,85,8.55,SO,2023-07-10 03:00:00
119,nantucket,41.2835,-70.0995,292.96,100,100,5.06,US,2023-07-10 03:00:00
120,udachny,66.4167,112.4,300.07,36,2,10.17,RU,2023-07-10 03:00:00
121,lesnoy,57.6198,63.0784,296.1,72,93,1.94,RU,2023-07-10 03:00:00
122,itoman,26.1247,127.6694,304.23,74,40,4.2,JP,2023-07-10 03:00:00
123,bambanglipuro,-7.95,110.2833,301.22,74,21,4.05,ID,2023-07-10 03:00:00
124,guerrero negro,27.9769,-114.0611,291.44,82,4,6.65,MX,2023-07-10 03:00:00
125,east london,-33.0153,27.9116,286.03,66,56,6.34,ZA,2023-07-10 03:00:00
126,thief river falls,48.1191,-96.1812,295.11,88,20,4.59,US,2023-07-10 03:00:00
127,smithers,54.7804,-127.1743,298.33,53,75,2.27,CA,2023-07-10 03:00:00
128,anbu,23.449,116.6809,306.3,62,20,3.11,CN,2023-07-10 03:00:00
129,weno,7.4515,151.8468,303.12,79,100,2.5,FM,2023-07-10 03:00:00
130,tatishchevo,51.6703,45.5953,294.96,79,67,4.01,RU,2023-07-10 03:00:00
131,el porvenir,13.7617,-87.3458,298.78,74,64,2.67,HN,2023-07-10 03:00:00
132,minot,48.2325,-101.2963,298.27,57,0,2.0,US,2023-07-10 03:00:00
133,kuroiso,36.9667,140.05,304.49,63,22,1.3,JP,2023-07-10 03:00:00
134,urumqi,43.801,87.6005,296.18,78,0,5.15,CN,2023-07-10 03:00:00
135,kakata,6.53,-10.3517,296.64,97,100,1.01,LR,2023-07-10 03:00:00
136,machali,-34.1833,-70.6667,281.97,71,13,1.41,CL,2023-07-10 03:00:00
137,antsiranana,-12.2787,49.2917,295.24,82,11,6.57,MG,2023-07-10 03:00:00
138,yellowknife,62.456,-114.3525,290.09,48,100,5.61,CA,2023-07-10 03:00:00
139,kaihua,23.3687,104.28,298.39,67,56,4.84,CN,2023-07-10 03:00:00
140,arkhangel'sk,64.5401,40.5433,280.48,68,12,3.32,RU,2023-07-10 03:00:00
141,badger,64.8,-147.5333,297.31,43,0,1.64,US,2023-07-10 03:00:00
142,mountain home,43.133,-115.6912,305.76,23,0,3.56,US,2023-07-10 03:00:00
143,sabzevar,36.2126,57.6819,301.17,17,0,5.65,IR,2023-07-10 03:00:00
144,santiago de la pena,20.95,-97.4,300.58,84,6,3.34,MX,2023-07-10 03:00:00
145,bamboo flat,11.7,92.7167,301.2,83,75,4.48,IN,2023-07-10 03:00:00
146,escarcega,18.6089,-90.7454,300.08,70,16,1.75,MX,2023-07-10 03:00:00
147,monte patria,-30.6919,-70.9467,287.25,40,100,0.38,CL,2023-07-10 03:00:00
148,nev'yansk,57.4953,60.2112,294.94,80,59,0.85,RU,2023-07-10 03:00:00
149,mahajanga,-15.7167,46.3167,294.33,88,20,2.58,MG,2023-07-10 03:00:00
150,dalandzadgad,43.5708,104.425,300.73,29,97,3.76,MN,2023-07-10 03:00:00
151,zeya,53.75,127.2667,298.15,25,0,3.76,RU,2023-07-10 03:00:00
152,jayapura,-2.5333,140.7,301.81,78,100,1.06,ID,2023-07-10 03:00:00
153,west island,-12.1568,96.8225,300.14,61,100,8.81,CC,2023-07-10 03:00:00
154,crane,31.3974,-102.3501,306.72,35,13,7.73,US,2023-07-10 03:00:00
155,port lincoln,-34.7333,135.8667,289.37,61,30,8.86,AU,2023-07-10 03:00:00
156,homer,59.6425,-151.5483,285.77,63,100,4.32,US,2023-07-10 03:00:00
157,veinticinco de mayo,-35.4323,-60.1727,282.47,91,14,2.35,AR,2023-07-10 03:00:00
158,ancud,-41.8697,-73.8203,279.18,82,29,0.84,CL,2023-07-10 03:00:00
159,bikenibeu village,1.3673,173.1241,302.13,79,75,4.09,KI,2023-07-10 03:00:00
160,cide,41.8921,33.0044,294.25,77,99,2.81,TR,2023-07-10 03:00:00
161,chonchi,-42.6128,-73.8092,278.22,89,42,0.95,CL,2023-07-10 03:00:00
162,mammoth lakes,37.6485,-118.9721,290.74,45,0,2.89,US,2023-07-10 03:00:00
163,kolobrzeg,54.1757,15.5834,289.79,62,98,4.13,PL,2023-07-10 03:00:00
164,kidal,18.4411,1.4078,302.44,48,95,1.73,ML,2023-07-10 03:00:00
165,port saint john's,-31.6229,29.5448,286.22,71,90,8.22,ZA,2023-07-10 03:00:00
166,tazovsky,67.4667,78.7,281.34,66,90,5.09,RU,2023-07-10 03:00:00
167,saldanha,-33.0117,17.9442,282.15,72,0,3.6,ZA,2023-07-10 03:00:00
168,bakanas,44.8081,76.2772,301.22,28,0,4.66,KZ,2023-07-10 03:00:00
169,nuuk,64.1835,-51.7216,284.49,76,75,1.59,GL,2023-07-10 03:00:00
170,mejit,10.2753,170.8646,301.43,78,62,7.74,MH,2023-07-10 03:00:00
171,sarakhs,36.5449,61.1577,303.84,17,0,0.87,IR,2023-07-10 03:00:00
172,yanchep,-31.55,115.6833,290.58,58,76,4.65,AU,2023-07-10 03:00:00
173,kerikeri,-35.2268,173.9474,285.21,91,100,3.39,NZ,2023-07-10 03:00:00
174,kavaratti,10.5669,72.642,301.24,76,100,7.59,IN,2023-07-10 03:00:00
175,qaqortoq,60.7167,-46.0333,282.22,71,59,1.29,GL,2023-07-10 03:00:00
176,atafu village,-8.5421,-172.5159,301.65,78,100,7.14,TK,2023-07-10 03:00:00
177,mahibadhoo,3.7833,72.9667,301.88,66,78,3.92,MV,2023-07-10 03:00:00
178,newport,51.5877,-2.9984,286.76,90,94,3.47,GB,2023-07-10 03:00:00
179,jiagedaqi,50.4167,124.1167,300.1,23,30,4.28,CN,2023-07-10 03:00:00
180,kars,40.602,43.095,285.79,100,75,1.64,TR,2023-07-10 03:00:00
181,khash,28.2211,61.2158,300.53,16,0,1.49,IR,2023-07-10 03:00:00
182,tebessa,35.4042,8.1242,302.4,31,0,1.26,DZ,2023-07-10 03:00:00
183,pangody,65.85,74.4859,284.63,79,100,0.72,RU,2023-07-10 03:00:00
184,guangyuan,32.442,105.823,303.56,69,92,2.77,CN,2023-07-10 03:00:00
185,longyearbyen,78.2186,15.6401,280.25,70,75,1.26,SJ,2023-07-10 03:00:00
186,san luis de la loma,17.2706,-100.8939,299.14,93,100,0.92,MX,2023-07-10 03:00:00
187,qui nhon,13.7667,109.2333,303.8,62,51,3.03,VN,2023-07-10 03:00:00
188,paita,-5.0892,-81.1144,295.34,84,8,6.94,PE,2023-07-10 03:00:00
189,san fernando de apure,7.8878,-67.4724,296.97,93,17,1.28,VE,2023-07-10 03:00:00
190,cockburn town,21.4612,-71.1419,301.65,84,55,9.08,TC,2023-07-10 03:00:00
191,alice springs,-23.7,133.8833,289.48,55,1,6.61,AU,2023-07-10 03:00:00
192,shahrud,36.4182,54.9763,299.26,17,0,1.52,IR,2023-07-10 03:00:00
193,peniche,39.3558,-9.3811,291.22,93,0,7.06,PT,2023-07-10 03:00:00
194,dunedin,-45.8742,170.5036,285.82,66,100,0.84,NZ,2023-07-10 03:00:00
195,hobyo,5.3505,48.5268,298.65,74,68,9.72,SO,2023-07-10 03:00:00
196,port alfred,-33.5906,26.891,285.96,73,86,6.38,ZA,2023-07-10 03:00:00
197,igrim,63.1906,64.4162,287.72,76,100,4.24,RU,2023-07-10 03:00:00
198,charlottetown,46.2352,-63.1267,294.03,90,75,3.35,CA,2023-07-10 03:00:00
199,miandoab,36.9694,46.1027,295.14,34,0,2.17,IR,2023-07-10 03:00:00
200,yigo village,13.5361,144.8886,302.46,70,20,7.99,GU,2023-07-10 03:00:00
201,kapa'a,22.0752,-159.319,300.08,71,40,5.88,US,2023-07-10 03:00:00
202,igarka,67.4667,86.5833,285.62,64,100,4.98,RU,2023-07-10 03:00:00
203,ishigaki,24.3448,124.1572,305.22,70,40,5.68,JP,2023-07-10 03:00:00
204,lerwick,60.1545,-1.1494,286.89,94,100,3.34,GB,2023-07-10 03:00:00
205,harper,4.375,-7.7169,298.07,87,100,4.29,LR,2023-07-10 03:00:00
206,majenang,-7.2975,108.7642,303.52,66,39,0.36,ID,2023-07-10 03:00:00
207,batarasa,8.6617,117.6222,303.28,66,22,1.15,PH,2023-07-10 03:00:00
208,kiunga,-6.1219,141.2906,299.59,88,100,2.49,PG,2023-07-10 03:00:00
209,gizo,-8.103,156.8419,301.29,79,92,4.46,SB,2023-07-10 03:00:00
210,axim,4.8699,-2.2405,297.02,91,97,2.34,GH,2023-07-10 03:00:00
211,ushuaia,-54.8,-68.3,275.96,81,75,1.53,AR,2023-07-10 03:00:00
212,sabya,17.1495,42.6254,305.94,48,96,0.21,SA,2023-07-10 03:00:00
213,comayagua,14.45,-87.6333,296.09,81,92,1.26,HN,2023-07-10 03:00:00
214,pisco,-13.7,-76.2167,292.18,82,0,0.94,PE,2023-07-10 03:00:00
215,amga,60.8953,131.9608,293.67,52,98,2.75,RU,2023-07-10 03:00:00
216,hermanus,-34.4187,19.2345,283.55,66,73,2.14,ZA,2023-07-10 03:00:00
217,gangtok,27.3333,88.6167,295.0,86,100,1.44,IN,2023-07-10 03:00:00
218,san andres,12.5847,-81.7006,302.16,84,20,8.62,CO,2023-07-10 03:00:00
219,fort mcmurray,56.7268,-111.381,294.88,32,0,2.61,CA,2023-07-10 03:00:00
220,tamanrasset,22.785,5.5228,300.1,13,2,9.28,DZ,2023-07-10 03:00:00
221,gaiman,-43.2897,-65.4929,276.84,95,100,2.04,AR,2023-07-10 03:00:00
222,manaure,11.7751,-72.4445,301.73,70,15,6.9,CO,2023-07-10 03:00:00
223,ciudad acuna,29.3232,-100.9522,308.84,40,0,4.15,MX,2023-07-10 03:00:00
224,saint-francois,46.4154,3.9054,294.84,83,0,1.38,FR,2023-07-10 03:00:00
225,revda,56.801,59.9303,296.78,64,97,1.59,RU,2023-07-10 03:00:00
226,aswan,24.0934,32.907,302.76,23,0,4.53,EG,2023-07-10 03:00:00
227,west bay,19.3667,-81.4167,302.54,80,20,5.64,KY,2023-07-10 03:00:00
228,urucui,-7.2294,-44.5561,297.92,47,0,1.83,BR,2023-07-10 03:00:00
229,juneau,58.3019,-134.4197,294.15,46,40,1.28,US,2023-07-10 03:00:00
230,wagar,16.1525,36.2032,302.68,55,100,7.8,SD,2023-07-10 03:00:00
231,yemetsk,63.4721,41.7941,281.69,74,84,3.38,RU,2023-07-10 03:00:00
232,colares,38.7992,-9.4469,291.68,74,0,8.0,PT,2023-07-10 03:00:00
233,maricopa,33.0581,-112.0476,312.11,13,0,5.23,US,2023-07-10 03:00:00
234,kamina,-8.7386,24.9906,288.63,57,0,1.8,CD,2023-07-10 03:00:00
235,gravenhurst,44.9168,-79.3663,289.99,82,0,2.23,CA,2023-07-10 03:00:00
236,otelu rosu,45.5333,22.3667,289.13,66,0,1.47,RO,2023-07-10 03:00:00
237,port mathurin,-19.6833,63.4167,296.83,61,59,9.32,MU,2023-07-10 03:00:00
238,tofol,5.3248,163.0078,305.03,66,75,4.32,FM,2023-07-10 03:00:00
239,iskateley,67.6803,53.1512,281.88,75,95,3.65,RU,2023-07-10 03:00:00
240,piti village,13.4626,144.6933,303.0,76,20,7.95,GU,2023-07-10 03:00:00
241,katabu,-4.9333,122.5167,303.2,53,16,1.66,ID,2023-07-10 03:00:00
242,monrovia,6.3005,-10.7969,297.8,88,100,4.38,LR,2023-07-10 03:00:00
243,castillos,-34.1667,-53.8333,286.16,88,99,2.0,UY,2023-07-10 03:00:00
244,urussanga,-28.5178,-49.3208,287.77,96,100,1.21,BR,2023-07-10 03:00:00
245,labasa,-16.4167,179.3833,300.79,56,32,2.3,FJ,2023-07-10 03:00:00
246,fale old settlement,-9.3852,-171.2468,301.42,79,100,7.19,TK,2023-07-10 03:00:00
247,imbituba,-28.24,-48.6703,293.07,92,100,5.24,BR,2023-07-10 03:00:00
248,usinsk,65.9939,57.5281,280.1,86,100,4.62,RU,2023-07-10 03:00:00
249,kolonia town,6.964,158.206,306.15,62,75,2.9,FM,2023-07-10 03:00:00
250,tura,25.5198,90.2201,300.41,88,100,2.72,IN,2023-07-10 03:00:00
251,touros,-5.1989,-35.4608,297.62,86,2,4.07,BR,2023-07-10 03:00:00
252,coquimbo,-29.9533,-71.3436,286.98,87,75,0.34,CL,2023-07-10 03:00:00
253,dodge city,37.7528,-100.0171,294.76,73,0,3.29,US,2023-07-10 03:00:00
254,egilsstadir,65.2653,-14.3948,285.78,93,100,2.22,IS,2023-07-10 03:00:00
255,tsiombe,-25.3,45.4833,292.47,67,55,1.42,MG,2023-07-10 03:00:00
256,olonkinbyen,70.9221,-8.7187,275.62,95,100,10.65,SJ,2023-07-10 03:00:00
257,juba,4.8517,31.5825,293.3,94,100,1.22,SS,2023-07-10 03:00:00
258,la'ie,21.6477,-157.9253,300.2,68,91,7.51,US,2023-07-10 03:00:00
259,palikir - national government center,6.9248,158.1611,305.56,62,75,3.01,FM,2023-07-10 03:00:00
260,nimigea de sus,47.2833,24.3167,287.1,87,5,1.15,RO,2023-07-10 03:00:00
261,tabas,33.5959,56.9244,304.12,15,0,0.94,IR,2023-07-10 03:00:00
262,yuzhno-kurilsk,44.0306,145.8556,292.45,80,96,1.3,RU,2023-07-10 03:00:00
263,tizi-n-tleta,36.5457,4.0571,304.57,23,93,4.02,DZ,2023-07-10 03:00:00
264,cooper's town,26.8667,-77.5167,302.58,75,66,5.23,BS,2023-07-10 03:00:00
265,luderitz,-26.6481,15.1594,285.28,44,2,6.62,NA,2023-07-10 03:00:00
266,general acha,-37.377,-64.6043,281.56,45,34,3.17,AR,2023-07-10 03:00:00
267,chifeng,42.2683,118.9636,303.19,33,12,2.2,CN,2023-07-10 03:00:00
268,troitskoye,52.9821,84.6757,291.29,83,80,3.38,RU,2023-07-10 03:00:00
269,sao joao da barra,-21.6403,-41.0511,293.83,86,100,2.24,BR,2023-07-10 03:00:00
270,mont-dore,-22.2833,166.5833,296.48,99,10,3.83,NC,2023-07-10 03:00:00
271,illizi,26.4833,8.4667,304.09,19,100,2.09,DZ,2023-07-10 03:00:00
272,el granada,37.5027,-122.4694,288.48,84,100,2.64,US,2023-07-10 03:00:00
273,flying fish cove,-10.4217,105.6791,298.97,94,100,8.19,CX,2023-07-10 03:00:00
274,jiamusi,46.8333,130.35,298.37,75,99,3.63,CN,2023-07-10 03:00:00
275,bondo,3.8146,23.6866,292.45,96,61,0.74,CD,2023-07-10 03:00:00
276,naze,28.3667,129.4833,302.66,74,3,2.72,JP,2023-07-10 03:00:00
277,nar'yan-mar,67.6713,53.087,281.9,76,95,3.65,RU,2023-07-10 03:00:00
278,altpinar,39.2042,32.7478,286.86,89,54,5.14,TR,2023-07-10 03:00:00
279,kampong chhnang,12.1667,104.55,304.3,60,93,3.37,KH,2023-07-10 03:00:00
280,newman,37.3138,-121.0208,296.7,46,0,2.69,US,2023-07-10 03:00:00
281,fougamou,-1.2154,10.5838,294.09,91,53,0.8,GA,2023-07-10 03:00:00
282,namie,37.4833,141.0,304.11,67,15,0.67,JP,2023-07-10 03:00:00
283,jamestown,42.097,-79.2353,291.94,88,100,1.72,US,2023-07-10 03:00:00
284,severnoye,56.3491,78.3619,294.85,52,41,2.12,RU,2023-07-10 03:00:00
285,remire-montjoly,4.9167,-52.2667,299.68,100,0,5.39,GF,2023-07-10 03:00:00
286,askoy,60.4092,5.226,290.91,53,0,2.64,NO,2023-07-10 03:00:00
287,teknaf,20.8624,92.3058,302.04,78,99,3.38,BD,2023-07-10 03:00:00
288,tambura,5.6,27.4667,292.16,96,13,0.99,SS,2023-07-10 03:00:00
289,letlhakeng,-24.0944,25.0298,274.24,44,0,5.32,BW,2023-07-10 03:00:00
290,tual,-5.6667,132.75,299.61,86,99,9.85,ID,2023-07-10 03:00:00
291,riversdale,18.1659,-76.9642,300.43,87,27,0.48,JM,2023-07-10 03:00:00
292,aasiaat,68.7098,-52.8699,277.91,96,100,2.59,GL,2023-07-10 03:00:00
293,manokwari,-0.8667,134.0833,301.63,69,39,2.53,ID,2023-07-10 03:00:00
294,tharangambadi,11.0319,79.8528,300.98,74,100,2.37,IN,2023-07-10 03:00:00
295,puerto aysen,-45.4,-72.7,277.56,98,100,0.88,CL,2023-07-10 03:00:00
296,kedougou,12.5579,-12.1743,298.88,83,24,1.43,SN,2023-07-10 03:00:00
297,tarawa,1.419,172.984,302.2,79,75,4.16,KI,2023-07-10 03:00:00
298,sirte,31.2089,16.5887,298.36,72,0,3.16,LY,2023-07-10 03:00:00
299,palmer,42.1584,-72.3287,294.46,83,100,1.12,US,2023-07-10 03:00:00
300,severomorsk,69.0689,33.4162,280.94,75,19,1.3,RU,2023-07-10 03:00:00
301,assai,-23.3733,-50.8414,291.07,95,100,1.77,BR,2023-07-10 03:00:00
302,karyes,37.3,22.5,291.04,61,0,1.94,GR,2023-07-10 03:00:00
303,taro,-8.3862,115.28,298.4,69,43,1.31,ID,2023-07-10 03:00:00
304,fisterra,42.9049,-9.2629,289.99,81,0,1.53,ES,2023-07-10 03:00:00
305,salekhard,66.53,66.6019,284.8,76,81,2.38,RU,2023-07-10 03:00:00
306,tazacorte,28.629,-17.9293,295.65,91,0,4.11,ES,2023-07-10 03:00:00
307,inhambane,-23.865,35.3833,293.25,83,26,5.12,MZ,2023-07-10 03:00:00
308,mount pearl,47.5166,-52.7813,284.92,97,100,2.08,CA,2023-07-10 03:00:00
309,big stone gap,36.8677,-82.7745,293.3,96,100,0.87,US,2023-07-10 03:00:00
310,okhotsk,59.3833,143.3,288.07,66,98,1.68,RU,2023-07-10 03:00:00
311,labuan bajo,-8.4964,119.8877,301.95,58,100,1.48,ID,2023-07-10 03:00:00
312,lompoc,34.6391,-120.4579,288.22,87,100,5.34,US,2023-07-10 03:00:00
313,maamba,-17.3667,27.15,286.21,49,0,2.86,ZM,2023-07-10 03:00:00
314,san patricio,28.017,-97.5169,301.94,76,0,6.1,US,2023-07-10 03:00:00
315,severo-yeniseyskiy,60.3725,93.0408,289.77,94,100,3.3,RU,2023-07-10 03:00:00
316,guatrache,-37.6678,-63.5302,281.74,41,68,2.33,AR,2023-07-10 03:00:00
317,rwamagana,-1.9487,30.4347,289.84,67,89,0.64,RW,2023-07-10 03:00:00
318,razdol'noye,45.7708,33.4878,292.41,66,50,5.97,UA,2023-07-10 03:00:00
319,morrope,-6.5417,-80.0111,295.21,83,9,5.67,PE,2023-07-10 03:00:00
320,aykhal,66.0,111.5,298.27,34,0,10.12,RU,2023-07-10 03:00:00
321,adrar,20.5022,-10.0711,306.32,15,63,1.96,MR,2023-07-10 03:00:00
322,usogorsk,63.4106,48.6872,282.35,89,87,3.53,RU,2023-07-10 03:00:00
323,namibe,-15.1961,12.1522,290.27,80,0,1.95,AO,2023-07-10 03:00:00
324,kilindoni,-7.9139,39.6668,298.01,76,86,3.68,TZ,2023-07-10 03:00:00
325,chulakkurgan,43.765,69.1814,300.35,30,0,3.35,KZ,2023-07-10 03:00:00
326,klaksvik,62.2266,-6.589,285.66,98,99,3.13,FO,2023-07-10 03:00:00
327,nanyuki,0.0167,37.0728,284.63,80,85,2.71,KE,2023-07-10 03:00:00
328,kargopol',61.5071,38.9456,282.18,87,100,3.68,RU,2023-07-10 03:00:00
329,pacific grove,36.6177,-121.9166,288.64,81,75,5.48,US,2023-07-10 03:00:00
330,chegdomyn,51.1167,133.0167,300.04,50,6,2.61,RU,2023-07-10 03:00:00
331,bonthe,7.5264,-12.505,297.77,91,92,3.04,SL,2023-07-10 03:00:00
332,lorengau,-2.0226,147.2712,301.3,77,77,3.09,PG,2023-07-10 03:00:00
333,chibougamau,49.9168,-74.3659,289.94,82,0,0.32,CA,2023-07-10 03:00:00
334,salanso,12.1833,-4.0833,299.36,72,96,2.23,BF,2023-07-10 03:00:00
335,merizo village,13.2658,144.6691,302.57,82,100,8.32,GU,2023-07-10 03:00:00
336,leua,48.2156,18.6071,292.87,66,19,0.64,SK,2023-07-10 03:00:00
337,vadso,70.0744,29.7487,282.13,81,0,1.14,NO,2023-07-10 03:00:00
338,corner brook,48.9667,-57.9484,290.42,98,92,2.35,CA,2023-07-10 03:00:00
339,mbanza kongo,-6.267,14.2401,290.87,94,66,1.48,AO,2023-07-10 03:00:00
340,bingol,38.8847,40.4939,290.38,70,3,2.24,TR,2023-07-10 03:00:00
341,kudahuvadhoo,2.6708,72.8944,300.88,72,98,2.24,MV,2023-07-10 03:00:00
342,hilo,19.7297,-155.09,299.5,71,75,3.16,US,2023-07-10 03:00:00
343,gazojak,41.1875,61.4036,305.93,16,0,5.96,TM,2023-07-10 03:00:00
344,handlova,48.7276,18.7601,289.6,64,23,1.24,SK,2023-07-10 03:00:00
345,opuwo,-18.0607,13.84,285.57,22,0,2.68,NA,2023-07-10 03:00:00
346,port douglas,-16.4833,145.4667,296.4,72,95,6.38,AU,2023-07-10 03:00:00
347,fukuecho,32.6881,128.8419,300.35,94,75,8.25,JP,2023-07-10 03:00:00
348,carroll,39.5501,-77.0164,292.37,88,82,1.7,US,2023-07-10 03:00:00
349,mar del plata,-38.0023,-57.5575,281.18,93,40,4.38,AR,2023-07-10 03:00:00
350,berezovo,63.9381,65.0419,285.8,91,100,5.26,RU,2023-07-10 03:00:00
351,zaoyang,32.1272,112.7542,304.58,67,100,6.01,CN,2023-07-10 03:00:00
352,thinadhoo,0.5333,72.9333,300.43,73,29,0.99,MV,2023-07-10 03:00:00
353,carutapera,-1.195,-46.02,297.27,94,29,2.56,BR,2023-07-10 03:00:00
354,tshabong,-26.05,22.45,274.11,55,0,4.51,BW,2023-07-10 03:00:00
355,alesund,62.4723,6.1549,288.84,91,45,0.57,NO,2023-07-10 03:00:00
356,moyale,3.5167,39.0584,290.73,83,98,3.11,KE,2023-07-10 03:00:00
357,campo maior,-4.8278,-42.1686,297.32,63,23,1.42,BR,2023-07-10 03:00:00
358,vilyuchinsk,52.9306,158.4028,290.3,93,100,2.47,RU,2023-07-10 03:00:00
359,mili,6.0815,171.735,301.38,77,66,5.74,MH,2023-07-10 03:00:00
360,steinbach,50.1667,8.5667,294.58,72,20,1.07,DE,2023-07-10 03:00:00
361,altai,46.3722,96.2583,293.09,36,85,3.35,MN,2023-07-10 03:00:00
362,ujae,8.9322,165.7642,301.6,79,75,6.49,MH,2023-07-10 03:00:00
363,vila franca do campo,37.7167,-25.4333,293.38,92,80,2.41,PT,2023-07-10 03:00:00
364,darovskoy,58.77,47.9564,287.22,98,100,4.21,RU,2023-07-10 03:00:00
365,gadzhiyevo,69.2551,33.3362,280.68,76,19,1.75,RU,2023-07-10 03:00:00
366,kamaishi,39.2667,141.8833,299.39,74,77,2.25,JP,2023-07-10 03:00:00
367,stornoway,58.2093,-6.3865,286.08,90,84,1.41,GB,2023-07-10 03:00:00
368,hithadhoo,-0.6,73.0833,300.39,71,9,0.46,MV,2023-07-10 03:00:00
369,bahia blanca,-38.7196,-62.2724,280.27,76,14,0.99,AR,2023-07-10 03:00:00
370,huaral,-11.495,-77.2078,292.54,83,35,1.79,PE,2023-07-10 03:00:00
371,moanda,-1.5575,13.2178,295.99,76,79,1.43,GA,2023-07-10 03:00:00
372,bac lieu,9.285,105.7244,303.23,68,17,3.99,VN,2023-07-10 03:00:00
373,fort st. john,56.2499,-120.8529,304.09,22,40,2.5,CA,2023-07-10 03:00:00
374,isla mujeres,21.2311,-86.731,302.13,83,8,4.96,MX,2023-07-10 03:00:00
375,haiku-pauwela,20.9219,-156.3051,298.47,64,40,6.53,US,2023-07-10 03:00:00
376,roma,43.2128,-75.4557,293.41,91,100,1.68,US,2023-07-10 03:00:00
377,tandil,-37.3217,-59.1332,279.04,75,57,2.65,AR,2023-07-10 03:00:00
378,khonsa,27.0167,95.5667,294.62,100,100,0.39,IN,2023-07-10 03:00:00
379,christchurch,-43.5333,172.6333,285.48,86,100,2.09,NZ,2023-07-10 03:00:00
380,marka,1.7159,44.7717,297.4,87,83,6.84,SO,2023-07-10 03:00:00
381,kaspiyskiy,45.3929,47.3707,299.37,62,100,7.73,RU,2023-07-10 03:00:00
382,quatre cocos,-20.2078,57.7625,295.71,69,9,4.22,MU,2023-07-10 03:00:00
383,tchintabaraden,15.8969,5.7985,302.18,51,92,3.7,NE,2023-07-10 03:00:00
384,pampierstad,-27.7832,24.6877,273.75,88,6,6.07,ZA,2023-07-10 03:00:00
385,trinity beach,-16.7888,145.6968,299.09,61,100,7.07,AU,2023-07-10 03:00:00
386,fada,9.5667,8.3,292.38,95,96,1.16,NG,2023-07-10 03:00:00
387,happy valley-goose bay,53.3168,-60.3315,292.32,77,75,0.51,CA,2023-07-10 03:00:00
388,laurentides,46.4334,-74.9826,292.99,85,100,0.98,CA,2023-07-10 03:00:00
389,sandpoint,48.2766,-116.5533,300.3,44,0,1.48,US,2023-07-10 03:00:00
390,polyarnyy,69.1989,33.4478,280.76,76,20,1.67,RU,2023-07-10 03:00:00
391,tabou,4.423,-7.3528,297.85,88,100,3.91,CI,2023-07-10 03:00:00
392,sur,22.5667,59.5289,304.33,57,98,4.34,OM,2023-07-10 03:00:00
393,mukalla,14.5425,49.1242,302.79,81,60,0.08,YE,2023-07-10 03:00:00
394,vorkuta,67.5,64.0,283.11,62,15,3.45,RU,2023-07-10 03:00:00
395,antalaha,-14.9003,50.2788,293.47,91,19,2.45,MG,2023-07-10 03:00:00
396,cannonvale,-20.2833,148.7,293.81,65,100,7.13,AU,2023-07-10 03:00:00
397,serdar,38.9764,56.2757,306.39,14,0,7.84,TM,2023-07-10 03:00:00
398,road town,18.4167,-64.6167,302.17,79,20,9.6,VG,2023-07-10 03:00:00
399,bemidji,47.4736,-94.8803,293.61,79,0,2.92,US,2023-07-10 03:00:00
400,nizhneangarsk,55.7833,109.55,289.14,79,92,2.08,RU,2023-07-10 03:00:00
401,bel ombre,-4.6167,55.4167,298.88,88,75,8.56,SC,2023-07-10 03:00:00
402,papao,-17.75,-149.55,301.97,81,93,11.22,PF,2023-07-10 03:00:00
403,garachico,28.7781,-17.7646,294.21,68,0,4.98,ES,2023-07-10 03:00:00
404,timimoun,29.2639,0.231,307.53,13,0,7.54,DZ,2023-07-10 03:00:00
405,ciudad victoria,23.7333,-99.1333,301.39,69,3,4.32,MX,2023-07-10 03:00:00
406,yuanping,38.7153,112.7575,304.94,26,95,1.22,CN,2023-07-10 03:00:00
407,kannur,11.8675,75.3576,299.97,81,93,1.03,IN,2023-07-10 03:00:00
408,sinabang,2.4803,96.3801,300.02,82,100,1.9,ID,2023-07-10 03:00:00
409,skikda,36.8762,6.9092,302.28,43,66,3.69,DZ,2023-07-10 03:00:00
410,taltal,-25.4,-70.4833,287.63,85,85,0.21,CL,2023-07-10 03:00:00
411,phan rang-thap cham,11.5667,108.9833,304.82,57,100,2.58,VN,2023-07-10 03:00:00
412,changyon,38.2508,125.0961,301.73,69,19,3.7,KP,2023-07-10 03:00:00
413,dzhalagash,45.0833,64.6667,304.95,18,0,3.5,KZ,2023-07-10 03:00:00
414,lapeer,43.0514,-83.3188,291.35,72,0,3.13,US,2023-07-10 03:00:00
415,caleta de carquin,-11.0925,-77.6267,293.24,82,34,4.07,PE,2023-07-10 03:00:00
416,tiruchirappalli,10.8167,78.6833,302.21,74,75,4.87,IN,2023-07-10 03:00:00
417,marondera,-18.1853,31.5519,281.72,60,0,1.6,ZW,2023-07-10 03:00:00
418,qulsary,46.9531,54.0198,306.2,16,73,8.26,KZ,2023-07-10 03:00:00
419,capitan bado,-23.2667,-55.5333,294.59,64,100,2.74,PY,2023-07-10 03:00:00
420,paysandu,-32.3214,-58.0756,286.58,88,81,2.24,UY,2023-07-10 03:00:00
421,uzgen,40.7699,73.3007,301.94,19,3,1.09,KG,2023-07-10 03:00:00
422,praya,14.9215,-23.5087,298.45,73,20,7.01,CV,2023-07-10 03:00:00
423,yuxia,34.0615,108.6291,308.43,42,72,1.3,CN,2023-07-10 03:00:00
424,andovoranto,-18.95,49.1,293.34,87,69,1.33,MG,2023-07-10 03:00:00
425,lazaro cardenas,17.9583,-102.2,301.05,80,85,3.37,MX,2023-07-10 03:00:00
426,crucecita,-28.95,-58.9833,290.33,80,100,2.33,AR,2023-07-10 03:00:00
427,kuacjok,8.3002,27.9903,294.82,88,80,1.66,SS,2023-07-10 03:00:00
428,cruzeiro do sul,-29.5128,-51.9853,289.23,94,100,0.96,BR,2023-07-10 03:00:00
429,vrangel',42.7297,133.0839,293.62,89,97,2.95,RU,2023-07-10 03:00:00
430,arroyo,41.6096,-4.7969,289.31,83,0,1.35,ES,2023-07-10 03:00:00
431,las tablas,7.7667,-80.2833,299.89,84,82,0.79,PA,2023-07-10 03:00:00
432,leava,-14.3,-178.1667,300.13,73,80,7.94,WF,2023-07-10 03:00:00
433,iwaki,37.05,140.8833,304.84,77,32,3.28,JP,2023-07-10 03:00:00
434,plettenberg bay,-34.0527,23.3716,284.07,76,89,1.9,ZA,2023-07-10 03:00:00
435,dickinson,29.4608,-95.0513,301.78,83,20,5.31,US,2023-07-10 03:00:00
436,zaraza,9.3503,-65.3245,296.3,96,37,1.79,VE,2023-07-10 03:00:00
437,mujiayingzi,42.1167,118.7833,302.69,34,13,3.19,CN,2023-07-10 03:00:00
438,tejupilco de hidalgo,18.9,-100.15,292.93,95,100,2.13,MX,2023-07-10 03:00:00
439,la gi,10.6667,107.7833,303.13,68,38,2.95,VN,2023-07-10 03:00:00
440,sisimiut,66.9395,-53.6735,280.8,90,100,0.64,GL,2023-07-10 03:00:00
441,rio claro,-22.4114,-47.5614,291.15,92,96,1.0,BR,2023-07-10 03:00:00
442,constantia,44.1833,28.65,293.24,58,1,5.31,RO,2023-07-10 03:00:00
443,manay,7.215,126.5397,302.65,72,81,2.69,PH,2023-07-10 03:00:00
444,soller,39.7662,2.7152,298.93,78,9,2.01,ES,2023-07-10 03:00:00
445,cole harbour,44.6724,-63.4751,292.08,95,100,3.08,CA,2023-07-10 03:00:00
446,brisas de zicatela,15.8369,-97.0419,299.83,80,64,1.66,MX,2023-07-10 03:00:00
447,alderetes,-26.8167,-65.1333,290.16,100,100,0.61,AR,2023-07-10 03:00:00
448,verkhniy baskunchak,48.2256,46.7217,299.62,45,74,1.74,RU,2023-07-10 03:00:00
449,hailun,47.45,126.9333,300.63,54,100,3.57,CN,2023-07-10 03:00:00
450,vila do maio,15.1333,-23.2167,298.59,80,20,8.59,CV,2023-07-10 03:00:00
451,okha,53.5739,142.9478,290.56,51,1,7.41,RU,2023-07-10 03:00:00
452,st. john's,47.5649,-52.7093,285.34,97,100,2.52,CA,2023-07-10 03:00:00
453,shar,49.5886,81.0453,298.59,31,64,4.97,KZ,2023-07-10 03:00:00
454,sherbakul',54.6316,72.3963,298.46,58,40,3.4,RU,2023-07-10 03:00:00
455,uturoa,-16.7333,-151.4333,299.85,81,71,9.99,PF,2023-07-10 03:00:00
456,beyneu,45.3167,55.2,304.51,23,42,7.76,KZ,2023-07-10 03:00:00
457,queenstown,-31.8976,26.8753,276.32,91,98,2.32,ZA,2023-07-10 03:00:00
458,grootfontein,-19.5667,18.1167,277.91,45,0,7.44,NA,2023-07-10 03:00:00
459,tobelo,1.7284,128.0095,300.76,79,100,1.09,ID,2023-07-10 03:00:00
460,puyo,-1.4667,-77.9833,290.31,94,17,1.67,EC,2023-07-10 03:00:00
461,swakopmund,-22.6833,14.5333,289.62,34,0,6.73,NA,2023-07-10 03:00:00
462,alaghsas,17.0187,8.0168,302.91,42,49,2.05,NE,2023-07-10 03:00:00
463,bouarfa,32.53,-1.95,300.35,18,0,3.05,MA,2023-07-10 03:00:00
464,san jeronimo,-11.9472,-75.2829,282.15,81,13,0.84,PE,2023-07-10 03:00:00
465,gouyave,12.1646,-61.7296,301.58,79,20,8.99,GD,2023-07-10 03:00:00
466,portland,45.5234,-122.6762,299.14,49,20,3.47,US,2023-07-10 03:00:00
467,broome,42.2506,-75.833,291.89,88,75,0.7,US,2023-07-10 03:00:00
468,acarau,-2.8856,-40.12,298.42,83,3,6.24,BR,2023-07-10 03:00:00
469,arno,60.1167,18.6333,288.03,74,0,0.84,SE,2023-07-10 03:00:00
470,kuhsan,34.6539,61.1978,301.11,19,0,4.71,AF,2023-07-10 03:00:00
471,hami,42.8,93.45,301.52,30,100,2.01,CN,2023-07-10 03:00:00
472,mpika,-11.8343,31.4529,286.14,78,77,0.72,ZM,2023-07-10 03:00:00
473,choibalsan,48.0667,114.5,291.66,85,100,5.61,MN,2023-07-10 03:00:00
474,xacmaz,41.4635,48.806,299.25,65,0,5.69,AZ,2023-07-10 03:00:00
475,cacabelos,42.6002,-6.7237,287.22,90,6,0.23,ES,2023-07-10 03:00:00
476,floro,61.5996,5.0328,290.14,88,100,3.24,NO,2023-07-10 03:00:00
477,ola,59.5833,151.2833,286.01,80,100,4.88,RU,2023-07-10 03:00:00
478,coruripe,-10.1256,-36.1756,296.51,89,61,3.03,BR,2023-07-10 03:00:00
479,tianpeng,30.9866,103.9393,305.41,69,100,1.29,CN,2023-07-10 03:00:00
480,ghadamis,30.1337,9.5007,305.57,21,4,4.12,LY,2023-07-10 03:00:00
481,cherdyn',60.403,56.4787,285.63,86,100,2.65,RU,2023-07-10 03:00:00
482,muisne,0.6,-80.0333,298.89,88,5,2.84,EC,2023-07-10 03:00:00
483,tamesis,5.6646,-75.7134,289.7,93,14,0.59,CO,2023-07-10 03:00:00
484,mount gambier,-37.8333,140.7667,287.6,68,100,5.97,AU,2023-07-10 03:00:00
485,nyurba,63.2842,118.3319,298.19,45,96,3.62,RU,2023-07-10 03:00:00
486,freetown,8.484,-13.2299,298.07,88,99,2.79,SL,2023-07-10 03:00:00
487,ovalle,-30.5983,-71.2003,286.86,61,100,0.55,CL,2023-07-10 03:00:00
488,abegondo,43.2167,-8.2833,286.88,88,0,1.33,ES,2023-07-10 03:00:00
489,callao,-12.0667,-77.15,294.31,73,0,4.63,PE,2023-07-10 03:00:00
490,bazarak,35.3129,69.5152,293.7,36,76,0.19,AF,2023-07-10 03:00:00
491,sonari,27.0667,95.0333,300.18,97,100,1.21,IN,2023-07-10 03:00:00
492,yokadouma,3.5167,15.05,292.84,99,82,0.19,CM,2023-07-10 03:00:00
493,howard springs,-12.497,131.047,303.71,64,60,3.84,AU,2023-07-10 03:00:00
494,rongelap,11.1635,166.8941,301.5,78,100,7.57,MH,2023-07-10 03:00:00
495,waingapu,-9.6567,120.2641,301.36,57,100,7.56,ID,2023-07-10 03:00:00
496,mahbubabad,17.6167,80.0167,303.2,62,92,4.22,IN,2023-07-10 03:00:00
497,orlovskiy,46.8714,42.0592,293.34,88,100,2.58,RU,2023-07-10 03:00:00
498,geraldton,-28.7667,114.6,290.11,77,0,2.69,AU,2023-07-10 03:00:00
499,darwin,-12.4611,130.8418,302.53,52,40,3.38,AU,2023-07-10 03:00:00
500,gandajika,-6.75,23.95,293.06,47,6,1.82,CD,2023-07-10 03:00:00
501,navojoa,27.1,-109.4333,306.49,51,12,3.54,MX,2023-07-10 03:00:00
502,kathmandu,27.7167,85.3167,298.06,80,75,0.71,NP,2023-07-10 03:00:00
503,nogliki,51.8333,143.1667,292.21,57,22,2.7,RU,2023-07-10 03:00:00
504,hachinohe,40.5,141.5,301.39,57,48,2.61,JP,2023-07-10 03:00:00
505,muravlenko,63.7898,74.523,289.06,86,99,3.59,RU,2023-07-10 03:00:00
506,palmeira,-25.4294,-50.0064,287.97,99,100,1.74,BR,2023-07-10 03:00:00
507,nangong,37.3581,115.3744,312.12,36,42,2.54,CN,2023-07-10 03:00:00
508,zhezqazghan,47.7833,67.7667,301.58,27,0,4.58,KZ,2023-07-10 03:00:00
509,boca suno,-0.7167,-77.1333,294.55,99,12,0.44,EC,2023-07-10 03:00:00
510,katsuren-haebaru,26.3369,127.8719,305.04,66,40,3.9,JP,2023-07-10 03:00:00
511,tahoua,14.8888,5.2692,300.17,57,100,2.15,NE,2023-07-10 03:00:00
512,ascencion,31.1,-107.9833,306.32,25,75,6.64,MX,2023-07-10 03:00:00
513,neftcala,39.3742,49.2472,300.36,49,0,5.77,AZ,2023-07-10 03:00:00
514,kurchatov,51.6601,35.6521,286.66,87,99,4.59,RU,2023-07-10 03:00:00
515,leh,34.1667,77.5833,282.97,88,100,1.82,IN,2023-07-10 03:00:00
516,luwuk,-0.9516,122.7875,301.21,77,63,3.61,ID,2023-07-10 03:00:00
517,nedroma,35.0136,-1.748,296.97,73,26,1.75,DZ,2023-07-10 03:00:00
518,abashiri,44.0213,144.2697,302.31,58,75,3.14,JP,2023-07-10 03:00:00
519,el calafate,-50.3408,-72.2768,268.67,65,0,1.54,AR,2023-07-10 03:00:00
520,barrouallie,13.2333,-61.2667,299.5,82,20,7.4,VC,2023-07-10 03:00:00
521,nishinoomote,30.7333,131.0,301.46,94,40,2.14,JP,2023-07-10 03:00:00
522,iquique,-20.2208,-70.1431,291.17,75,38,1.85,CL,2023-07-10 03:00:00
523,rio gallegos,-51.6226,-69.2181,273.4,93,75,5.28,AR,2023-07-10 03:00:00
524,guarapari,-20.6667,-40.4975,294.76,91,93,2.63,BR,2023-07-10 03:00:00
525,fort bragg,35.139,-79.006,297.64,89,0,1.91,US,2023-07-10 03:00:00
526,diego de almagro,-26.3667,-70.05,284.85,55,97,1.21,CL,2023-07-10 03:00:00
527,ironwood,46.4547,-90.171,296.51,50,0,6.46,US,2023-07-10 03:00:00
528,suva,-18.1416,178.4415,300.86,65,75,3.76,FJ,2023-07-10 03:00:00
529,coihueco,-36.6167,-71.8333,278.13,87,86,1.66,CL,2023-07-10 03:00:00
530,monte alegre,-2.0078,-54.0692,296.88,86,2,1.52,BR,2023-07-10 03:00:00
531,port isabel,26.0734,-97.2086,302.29,86,0,5.9,US,2023-07-10 03:00:00
532,tukrah,32.5341,20.5791,296.8,81,0,3.96,LY,2023-07-10 03:00:00
533,cold lake,54.4502,-110.2017,298.12,41,20,4.73,CA,2023-07-10 03:00:00
534,rikaze,29.25,88.8833,292.1,39,84,0.86,CN,2023-07-10 03:00:00
535,vilyuysk,63.7553,121.6247,300.78,37,6,5.3,RU,2023-07-10 03:00:00
536,morristown,36.214,-83.2949,294.3,87,100,1.95,US,2023-07-10 03:00:00
537,kupang,-10.1667,123.5833,302.47,54,75,7.21,ID,2023-07-10 03:00:00
538,tralee,52.2704,-9.7026,285.47,95,100,2.11,IE,2023-07-10 03:00:00
539,shimoda,34.6667,138.95,301.23,83,16,8.51,JP,2023-07-10 03:00:00
540,krasnyy chikoy,50.3643,108.7512,298.01,58,66,0.84,RU,2023-07-10 03:00:00
541,margate,51.3813,1.3862,289.34,91,96,4.91,GB,2023-07-10 03:00:00
542,guadalajara,20.6667,-103.3333,292.64,82,81,0.87,MX,2023-07-10 03:00:00
543,ubari,26.5921,12.7805,302.07,27,0,2.61,LY,2023-07-10 03:00:00
544,sechura,-5.5569,-80.8222,295.82,78,19,7.07,PE,2023-07-10 03:00:00
545,saint-philippe,-21.3585,55.7679,294.42,78,22,4.23,RE,2023-07-10 03:00:00
546,mirny,62.5353,113.9611,298.74,33,51,2.77,RU,2023-07-10 03:00:00
547,wanning,18.8003,110.3967,304.93,63,1,4.94,CN,2023-07-10 03:00:00
548,machico,32.7,-16.7667,295.05,83,40,3.36,PT,2023-07-10 03:00:00
549,liptovsky hradok,49.0396,19.7234,291.2,73,16,0.34,SK,2023-07-10 03:00:00
550,houma,29.5958,-90.7195,301.09,83,0,2.42,US,2023-07-10 03:00:00
551,kijang,35.2442,129.2139,300.0,79,100,5.75,KR,2023-07-10 03:00:00
552,asau,46.4333,26.4,287.23,93,17,2.61,RO,2023-07-10 03:00:00
553,namsos,64.4662,11.4957,287.24,94,64,1.15,NO,2023-07-10 03:00:00
554,ulsteinvik,62.3432,5.8487,291.28,82,56,0.8,NO,2023-07-10 03:00:00
555,kapoeta,4.7717,33.5903,295.51,76,96,1.87,SS,2023-07-10 03:00:00
556,cidreira,-30.1811,-50.2056,290.58,87,52,7.81,BR,2023-07-10 03:00:00
557,guangshui,31.6199,113.9978,305.31,66,35,7.2,CN,2023-07-10 03:00:00
558,cobija,-11.0267,-68.7692,299.49,67,89,1.62,BO,2023-07-10 03:00:00
559,richards bay,-28.783,32.0377,286.51,80,100,9.76,ZA,2023-07-10 03:00:00
560,shache,38.4167,77.2406,302.6,20,100,2.42,CN,2023-07-10 03:00:00
561,khachrod,23.4167,75.2833,298.45,90,97,6.26,IN,2023-07-10 03:00:00
562,kavieng,-2.5744,150.7967,300.73,77,83,1.77,PG,2023-07-10 03:00:00
